index,mid,display_name
0,/m/vox10000,"id10581"
1,/m/vox10001,"id10462"
2,/m/vox10002,"id10574"
3,/m/vox10003,"id11141"
4,/m/vox10004,"id10984"
5,/m/vox10005,"id10833"
6,/m/vox10006,"id10575"
7,/m/vox10007,"id10124"
8,/m/vox10008,"id10557"
9,/m/vox10009,"id10530"
10,/m/vox10010,"id11116"
11,/m/vox10011,"id10265"
12,/m/vox10012,"id10449"
13,/m/vox10013,"id10723"
14,/m/vox10014,"id10247"
15,/m/vox10015,"id10882"
16,/m/vox10016,"id10129"
17,/m/vox10017,"id10049"
18,/m/vox10018,"id10170"
19,/m/vox10019,"id10811"
20,/m/vox10020,"id10632"
21,/m/vox10021,"id10712"
22,/m/vox10022,"id10117"
23,/m/vox10023,"id10654"
24,/m/vox10024,"id10810"
25,/m/vox10025,"id10477"
26,/m/vox10026,"id10946"
27,/m/vox10027,"id10965"
28,/m/vox10028,"id10735"
29,/m/vox10029,"id10156"
30,/m/vox10030,"id10311"
31,/m/vox10031,"id10739"
32,/m/vox10032,"id10617"
33,/m/vox10033,"id10071"
34,/m/vox10034,"id10134"
35,/m/vox10035,"id10492"
36,/m/vox10036,"id10036"
37,/m/vox10037,"id10434"
38,/m/vox10038,"id11125"
39,/m/vox10039,"id11186"
40,/m/vox10040,"id10225"
41,/m/vox10041,"id11229"
42,/m/vox10042,"id10979"
43,/m/vox10043,"id11016"
44,/m/vox10044,"id11154"
45,/m/vox10045,"id10991"
46,/m/vox10046,"id11179"
47,/m/vox10047,"id10799"
48,/m/vox10048,"id10928"
49,/m/vox10049,"id10855"
50,/m/vox10050,"id10150"
51,/m/vox10051,"id10132"
52,/m/vox10052,"id10472"
53,/m/vox10053,"id10511"
54,/m/vox10054,"id10618"
55,/m/vox10055,"id10435"
56,/m/vox10056,"id11148"
57,/m/vox10057,"id10396"
58,/m/vox10058,"id11201"
59,/m/vox10059,"id10246"
60,/m/vox10060,"id11249"
61,/m/vox10061,"id10084"
62,/m/vox10062,"id10757"
63,/m/vox10063,"id11224"
64,/m/vox10064,"id11095"
65,/m/vox10065,"id10162"
66,/m/vox10066,"id10898"
67,/m/vox10067,"id10726"
68,/m/vox10068,"id10891"
69,/m/vox10069,"id10741"
70,/m/vox10070,"id10241"
71,/m/vox10071,"id10383"
72,/m/vox10072,"id10411"
73,/m/vox10073,"id11097"
74,/m/vox10074,"id10533"
75,/m/vox10075,"id10235"
76,/m/vox10076,"id10944"
77,/m/vox10077,"id11094"
78,/m/vox10078,"id11220"
79,/m/vox10079,"id11163"
80,/m/vox10080,"id11178"
81,/m/vox10081,"id10092"
82,/m/vox10082,"id10504"
83,/m/vox10083,"id10648"
84,/m/vox10084,"id10355"
85,/m/vox10085,"id10522"
86,/m/vox10086,"id10710"
87,/m/vox10087,"id10690"
88,/m/vox10088,"id10642"
89,/m/vox10089,"id10601"
90,/m/vox10090,"id10193"
91,/m/vox10091,"id11228"
92,/m/vox10092,"id10550"
93,/m/vox10093,"id10360"
94,/m/vox10094,"id11206"
95,/m/vox10095,"id10857"
96,/m/vox10096,"id10059"
97,/m/vox10097,"id10693"
98,/m/vox10098,"id10624"
99,/m/vox10099,"id10398"
100,/m/vox10100,"id10021"
101,/m/vox10101,"id10952"
102,/m/vox10102,"id11106"
103,/m/vox10103,"id10201"
104,/m/vox10104,"id10959"
105,/m/vox10105,"id11031"
106,/m/vox10106,"id10181"
107,/m/vox10107,"id10828"
108,/m/vox10108,"id10599"
109,/m/vox10109,"id10977"
110,/m/vox10110,"id10442"
111,/m/vox10111,"id10362"
112,/m/vox10112,"id10738"
113,/m/vox10113,"id10138"
114,/m/vox10114,"id10696"
115,/m/vox10115,"id11183"
116,/m/vox10116,"id10489"
117,/m/vox10117,"id10202"
118,/m/vox10118,"id10060"
119,/m/vox10119,"id10152"
120,/m/vox10120,"id10147"
121,/m/vox10121,"id10688"
122,/m/vox10122,"id10986"
123,/m/vox10123,"id10416"
124,/m/vox10124,"id10325"
125,/m/vox10125,"id10606"
126,/m/vox10126,"id10384"
127,/m/vox10127,"id10859"
128,/m/vox10128,"id10436"
129,/m/vox10129,"id10808"
130,/m/vox10130,"id10901"
131,/m/vox10131,"id10566"
132,/m/vox10132,"id10461"
133,/m/vox10133,"id10205"
134,/m/vox10134,"id10663"
135,/m/vox10135,"id10146"
136,/m/vox10136,"id11038"
137,/m/vox10137,"id10343"
138,/m/vox10138,"id10039"
139,/m/vox10139,"id11051"
140,/m/vox10140,"id10847"
141,/m/vox10141,"id10582"
142,/m/vox10142,"id10433"
143,/m/vox10143,"id11083"
144,/m/vox10144,"id11194"
145,/m/vox10145,"id10497"
146,/m/vox10146,"id11021"
147,/m/vox10147,"id10250"
148,/m/vox10148,"id10725"
149,/m/vox10149,"id10428"
150,/m/vox10150,"id10426"
151,/m/vox10151,"id10012"
152,/m/vox10152,"id11135"
153,/m/vox10153,"id10665"
154,/m/vox10154,"id10649"
155,/m/vox10155,"id10528"
156,/m/vox10156,"id11180"
157,/m/vox10157,"id10765"
158,/m/vox10158,"id11121"
159,/m/vox10159,"id11239"
160,/m/vox10160,"id10973"
161,/m/vox10161,"id10719"
162,/m/vox10162,"id10645"
163,/m/vox10163,"id10595"
164,/m/vox10164,"id11208"
165,/m/vox10165,"id10188"
166,/m/vox10166,"id10609"
167,/m/vox10167,"id10432"
168,/m/vox10168,"id10742"
169,/m/vox10169,"id10818"
170,/m/vox10170,"id10351"
171,/m/vox10171,"id11231"
172,/m/vox10172,"id10015"
173,/m/vox10173,"id10423"
174,/m/vox10174,"id11026"
175,/m/vox10175,"id11019"
176,/m/vox10176,"id10387"
177,/m/vox10177,"id10560"
178,/m/vox10178,"id10319"
179,/m/vox10179,"id11123"
180,/m/vox10180,"id10747"
181,/m/vox10181,"id10506"
182,/m/vox10182,"id10621"
183,/m/vox10183,"id10042"
184,/m/vox10184,"id10339"
185,/m/vox10185,"id10875"
186,/m/vox10186,"id10798"
187,/m/vox10187,"id11054"
188,/m/vox10188,"id10694"
189,/m/vox10189,"id10830"
190,/m/vox10190,"id10910"
191,/m/vox10191,"id10429"
192,/m/vox10192,"id11114"
193,/m/vox10193,"id10982"
194,/m/vox10194,"id10314"
195,/m/vox10195,"id10367"
196,/m/vox10196,"id11088"
197,/m/vox10197,"id10469"
198,/m/vox10198,"id10519"
199,/m/vox10199,"id11005"
200,/m/vox10200,"id10612"
201,/m/vox10201,"id10350"
202,/m/vox10202,"id10027"
203,/m/vox10203,"id11177"
204,/m/vox10204,"id10090"
205,/m/vox10205,"id10787"
206,/m/vox10206,"id10316"
207,/m/vox10207,"id10018"
208,/m/vox10208,"id10947"
209,/m/vox10209,"id10118"
210,/m/vox10210,"id10349"
211,/m/vox10211,"id10541"
212,/m/vox10212,"id10874"
213,/m/vox10213,"id11092"
214,/m/vox10214,"id10852"
215,/m/vox10215,"id10615"
216,/m/vox10216,"id10203"
217,/m/vox10217,"id10728"
218,/m/vox10218,"id10356"
219,/m/vox10219,"id11065"
220,/m/vox10220,"id10476"
221,/m/vox10221,"id10700"
222,/m/vox10222,"id10701"
223,/m/vox10223,"id10348"
224,/m/vox10224,"id10052"
225,/m/vox10225,"id10485"
226,/m/vox10226,"id11218"
227,/m/vox10227,"id10143"
228,/m/vox10228,"id10776"
229,/m/vox10229,"id10603"
230,/m/vox10230,"id10750"
231,/m/vox10231,"id11227"
232,/m/vox10232,"id10955"
233,/m/vox10233,"id10812"
234,/m/vox10234,"id10839"
235,/m/vox10235,"id10589"
236,/m/vox10236,"id10651"
237,/m/vox10237,"id10494"
238,/m/vox10238,"id10037"
239,/m/vox10239,"id10106"
240,/m/vox10240,"id11033"
241,/m/vox10241,"id10734"
242,/m/vox10242,"id10456"
243,/m/vox10243,"id10140"
244,/m/vox10244,"id10626"
245,/m/vox10245,"id10107"
246,/m/vox10246,"id11122"
247,/m/vox10247,"id10083"
248,/m/vox10248,"id10399"
249,/m/vox10249,"id10544"
250,/m/vox10250,"id11152"
251,/m/vox10251,"id10744"
252,/m/vox10252,"id11066"
253,/m/vox10253,"id10995"
254,/m/vox10254,"id10376"
255,/m/vox10255,"id11001"
256,/m/vox10256,"id10572"
257,/m/vox10257,"id10213"
258,/m/vox10258,"id10136"
259,/m/vox10259,"id10555"
260,/m/vox10260,"id10825"
261,/m/vox10261,"id11059"
262,/m/vox10262,"id11118"
263,/m/vox10263,"id10065"
264,/m/vox10264,"id10189"
265,/m/vox10265,"id10804"
266,/m/vox10266,"id11175"
267,/m/vox10267,"id10185"
268,/m/vox10268,"id10853"
269,/m/vox10269,"id10655"
270,/m/vox10270,"id10994"
271,/m/vox10271,"id10074"
272,/m/vox10272,"id10058"
273,/m/vox10273,"id10805"
274,/m/vox10274,"id11143"
275,/m/vox10275,"id10837"
276,/m/vox10276,"id10070"
277,/m/vox10277,"id10983"
278,/m/vox10278,"id10168"
279,/m/vox10279,"id10545"
280,/m/vox10280,"id11079"
281,/m/vox10281,"id10785"
282,/m/vox10282,"id10254"
283,/m/vox10283,"id10676"
284,/m/vox10284,"id10137"
285,/m/vox10285,"id10105"
286,/m/vox10286,"id10144"
287,/m/vox10287,"id10542"
288,/m/vox10288,"id10902"
289,/m/vox10289,"id11053"
290,/m/vox10290,"id11002"
291,/m/vox10291,"id10881"
292,/m/vox10292,"id11076"
293,/m/vox10293,"id10922"
294,/m/vox10294,"id10187"
295,/m/vox10295,"id10050"
296,/m/vox10296,"id10233"
297,/m/vox10297,"id11067"
298,/m/vox10298,"id10662"
299,/m/vox10299,"id10592"
300,/m/vox10300,"id11159"
301,/m/vox10301,"id10639"
302,/m/vox10302,"id11098"
303,/m/vox10303,"id11091"
304,/m/vox10304,"id10198"
305,/m/vox10305,"id10708"
306,/m/vox10306,"id10900"
307,/m/vox10307,"id10535"
308,/m/vox10308,"id10619"
309,/m/vox10309,"id10761"
310,/m/vox10310,"id10212"
311,/m/vox10311,"id11064"
312,/m/vox10312,"id11111"
313,/m/vox10313,"id10929"
314,/m/vox10314,"id10368"
315,/m/vox10315,"id10826"
316,/m/vox10316,"id10939"
317,/m/vox10317,"id11203"
318,/m/vox10318,"id10534"
319,/m/vox10319,"id10174"
320,/m/vox10320,"id11150"
321,/m/vox10321,"id10827"
322,/m/vox10322,"id10408"
323,/m/vox10323,"id11144"
324,/m/vox10324,"id10768"
325,/m/vox10325,"id10353"
326,/m/vox10326,"id11165"
327,/m/vox10327,"id10880"
328,/m/vox10328,"id11044"
329,/m/vox10329,"id11171"
330,/m/vox10330,"id10586"
331,/m/vox10331,"id10573"
332,/m/vox10332,"id10753"
333,/m/vox10333,"id11164"
334,/m/vox10334,"id10516"
335,/m/vox10335,"id10115"
336,/m/vox10336,"id10899"
337,/m/vox10337,"id11117"
338,/m/vox10338,"id10125"
339,/m/vox10339,"id10401"
340,/m/vox10340,"id10230"
341,/m/vox10341,"id10717"
342,/m/vox10342,"id10992"
343,/m/vox10343,"id11176"
344,/m/vox10344,"id10558"
345,/m/vox10345,"id11184"
346,/m/vox10346,"id10395"
347,/m/vox10347,"id10996"
348,/m/vox10348,"id10961"
349,/m/vox10349,"id11240"
350,/m/vox10350,"id10341"
351,/m/vox10351,"id10814"
352,/m/vox10352,"id10843"
353,/m/vox10353,"id10361"
354,/m/vox10354,"id10762"
355,/m/vox10355,"id10689"
356,/m/vox10356,"id10767"
357,/m/vox10357,"id10028"
358,/m/vox10358,"id10053"
359,/m/vox10359,"id10964"
360,/m/vox10360,"id11096"
361,/m/vox10361,"id10590"
362,/m/vox10362,"id10347"
363,/m/vox10363,"id10480"
364,/m/vox10364,"id11018"
365,/m/vox10365,"id10523"
366,/m/vox10366,"id11112"
367,/m/vox10367,"id10239"
368,/m/vox10368,"id10478"
369,/m/vox10369,"id10564"
370,/m/vox10370,"id10537"
371,/m/vox10371,"id10091"
372,/m/vox10372,"id10644"
373,/m/vox10373,"id10926"
374,/m/vox10374,"id11158"
375,/m/vox10375,"id10716"
376,/m/vox10376,"id10681"
377,/m/vox10377,"id10602"
378,/m/vox10378,"id10588"
379,/m/vox10379,"id10014"
380,/m/vox10380,"id10858"
381,/m/vox10381,"id10518"
382,/m/vox10382,"id10960"
383,/m/vox10383,"id11233"
384,/m/vox10384,"id10813"
385,/m/vox10385,"id10010"
386,/m/vox10386,"id10200"
387,/m/vox10387,"id11124"
388,/m/vox10388,"id11209"
389,/m/vox10389,"id10978"
390,/m/vox10390,"id10310"
391,/m/vox10391,"id10479"
392,/m/vox10392,"id10627"
393,/m/vox10393,"id10889"
394,/m/vox10394,"id10921"
395,/m/vox10395,"id10180"
396,/m/vox10396,"id10551"
397,/m/vox10397,"id11223"
398,/m/vox10398,"id10918"
399,/m/vox10399,"id11230"
400,/m/vox10400,"id10556"
401,/m/vox10401,"id10524"
402,/m/vox10402,"id10078"
403,/m/vox10403,"id10937"
404,/m/vox10404,"id10206"
405,/m/vox10405,"id10422"
406,/m/vox10406,"id10868"
407,/m/vox10407,"id10439"
408,/m/vox10408,"id10930"
409,/m/vox10409,"id10671"
410,/m/vox10410,"id11225"
411,/m/vox10411,"id10199"
412,/m/vox10412,"id10490"
413,/m/vox10413,"id10234"
414,/m/vox10414,"id11023"
415,/m/vox10415,"id10685"
416,/m/vox10416,"id10340"
417,/m/vox10417,"id10369"
418,/m/vox10418,"id10916"
419,/m/vox10419,"id10841"
420,/m/vox10420,"id10932"
421,/m/vox10421,"id11157"
422,/m/vox10422,"id10501"
423,/m/vox10423,"id10634"
424,/m/vox10424,"id10331"
425,/m/vox10425,"id10135"
426,/m/vox10426,"id10183"
427,/m/vox10427,"id10628"
428,/m/vox10428,"id10380"
429,/m/vox10429,"id10471"
430,/m/vox10430,"id10079"
431,/m/vox10431,"id10737"
432,/m/vox10432,"id10692"
433,/m/vox10433,"id10317"
434,/m/vox10434,"id10806"
435,/m/vox10435,"id10402"
436,/m/vox10436,"id11010"
437,/m/vox10437,"id10877"
438,/m/vox10438,"id10111"
439,/m/vox10439,"id11216"
440,/m/vox10440,"id10393"
441,/m/vox10441,"id10803"
442,/m/vox10442,"id10903"
443,/m/vox10443,"id10809"
444,/m/vox10444,"id10975"
445,/m/vox10445,"id11109"
446,/m/vox10446,"id10403"
447,/m/vox10447,"id10520"
448,/m/vox10448,"id10009"
449,/m/vox10449,"id10892"
450,/m/vox10450,"id10531"
451,/m/vox10451,"id10204"
452,/m/vox10452,"id10661"
453,/m/vox10453,"id11166"
454,/m/vox10454,"id10160"
455,/m/vox10455,"id10801"
456,/m/vox10456,"id10095"
457,/m/vox10457,"id10791"
458,/m/vox10458,"id10165"
459,/m/vox10459,"id11105"
460,/m/vox10460,"id10171"
461,/m/vox10461,"id10268"
462,/m/vox10462,"id10907"
463,/m/vox10463,"id10064"
464,/m/vox10464,"id10400"
465,/m/vox10465,"id10457"
466,/m/vox10466,"id10720"
467,/m/vox10467,"id10460"
468,/m/vox10468,"id10465"
469,/m/vox10469,"id10998"
470,/m/vox10470,"id11115"
471,/m/vox10471,"id10682"
472,/m/vox10472,"id10668"
473,/m/vox10473,"id10790"
474,/m/vox10474,"id10653"
475,/m/vox10475,"id10073"
476,/m/vox10476,"id10851"
477,/m/vox10477,"id10463"
478,/m/vox10478,"id10759"
479,/m/vox10479,"id10957"
480,/m/vox10480,"id10945"
481,/m/vox10481,"id10026"
482,/m/vox10482,"id10190"
483,/m/vox10483,"id10780"
484,/m/vox10484,"id10087"
485,/m/vox10485,"id11101"
486,/m/vox10486,"id10500"
487,/m/vox10487,"id11134"
488,/m/vox10488,"id10641"
489,/m/vox10489,"id10950"
490,/m/vox10490,"id10616"
491,/m/vox10491,"id11204"
492,/m/vox10492,"id10781"
493,/m/vox10493,"id10547"
494,/m/vox10494,"id11191"
495,/m/vox10495,"id10949"
496,/m/vox10496,"id10103"
497,/m/vox10497,"id10194"
498,/m/vox10498,"id11234"
499,/m/vox10499,"id11060"
500,/m/vox10500,"id11236"
501,/m/vox10501,"id11169"
502,/m/vox10502,"id10093"
503,/m/vox10503,"id10264"
504,/m/vox10504,"id10687"
505,/m/vox10505,"id10075"
506,/m/vox10506,"id10593"
507,/m/vox10507,"id10597"
508,/m/vox10508,"id10656"
509,/m/vox10509,"id11055"
510,/m/vox10510,"id10956"
511,/m/vox10511,"id10821"
512,/m/vox10512,"id10948"
513,/m/vox10513,"id11085"
514,/m/vox10514,"id10120"
515,/m/vox10515,"id11156"
516,/m/vox10516,"id10760"
517,/m/vox10517,"id10417"
518,/m/vox10518,"id10999"
519,/m/vox10519,"id11050"
520,/m/vox10520,"id11022"
521,/m/vox10521,"id11197"
522,/m/vox10522,"id10163"
523,/m/vox10523,"id10011"
524,/m/vox10524,"id11222"
525,/m/vox10525,"id10829"
526,/m/vox10526,"id11248"
527,/m/vox10527,"id10905"
528,/m/vox10528,"id10173"
529,/m/vox10529,"id10195"
530,/m/vox10530,"id10683"
531,/m/vox10531,"id10792"
532,/m/vox10532,"id11074"
533,/m/vox10533,"id10209"
534,/m/vox10534,"id11011"
535,/m/vox10535,"id10832"
536,/m/vox10536,"id11037"
537,/m/vox10537,"id11126"
538,/m/vox10538,"id10585"
539,/m/vox10539,"id11014"
540,/m/vox10540,"id10488"
541,/m/vox10541,"id10763"
542,/m/vox10542,"id10431"
543,/m/vox10543,"id10149"
544,/m/vox10544,"id10578"
545,/m/vox10545,"id10579"
546,/m/vox10546,"id10732"
547,/m/vox10547,"id10758"
548,/m/vox10548,"id10130"
549,/m/vox10549,"id10451"
550,/m/vox10550,"id10772"
551,/m/vox10551,"id10842"
552,/m/vox10552,"id11190"
553,/m/vox10553,"id10800"
554,/m/vox10554,"id10968"
555,/m/vox10555,"id10647"
556,/m/vox10556,"id10081"
557,/m/vox10557,"id10796"
558,/m/vox10558,"id11187"
559,/m/vox10559,"id10888"
560,/m/vox10560,"id10565"
561,/m/vox10561,"id11029"
562,/m/vox10562,"id10517"
563,/m/vox10563,"id10673"
564,/m/vox10564,"id10208"
565,/m/vox10565,"id10884"
566,/m/vox10566,"id10729"
567,/m/vox10567,"id10069"
568,/m/vox10568,"id11020"
569,/m/vox10569,"id10499"
570,/m/vox10570,"id10794"
571,/m/vox10571,"id10019"
572,/m/vox10572,"id10267"
573,/m/vox10573,"id10856"
574,/m/vox10574,"id10166"
575,/m/vox10575,"id11046"
576,/m/vox10576,"id10840"
577,/m/vox10577,"id10359"
578,/m/vox10578,"id10993"
579,/m/vox10579,"id10389"
580,/m/vox10580,"id10872"
581,/m/vox10581,"id10540"
582,/m/vox10582,"id10568"
583,/m/vox10583,"id10704"
584,/m/vox10584,"id11235"
585,/m/vox10585,"id11082"
586,/m/vox10586,"id10802"
587,/m/vox10587,"id10866"
588,/m/vox10588,"id10242"
589,/m/vox10589,"id10099"
590,/m/vox10590,"id10333"
591,/m/vox10591,"id10023"
592,/m/vox10592,"id10370"
593,/m/vox10593,"id10418"
594,/m/vox10594,"id10931"
595,/m/vox10595,"id11200"
596,/m/vox10596,"id10529"
597,/m/vox10597,"id10819"
598,/m/vox10598,"id11113"
599,/m/vox10599,"id10643"
600,/m/vox10600,"id11219"
601,/m/vox10601,"id11103"
602,/m/vox10602,"id10822"
603,/m/vox10603,"id10552"
604,/m/vox10604,"id10637"
605,/m/vox10605,"id10344"
606,/m/vox10606,"id10467"
607,/m/vox10607,"id10987"
608,/m/vox10608,"id11075"
609,/m/vox10609,"id10890"
610,/m/vox10610,"id10686"
611,/m/vox10611,"id10876"
612,/m/vox10612,"id10357"
613,/m/vox10613,"id11102"
614,/m/vox10614,"id10404"
615,/m/vox10615,"id10210"
616,/m/vox10616,"id11099"
617,/m/vox10617,"id10041"
618,/m/vox10618,"id10487"
619,/m/vox10619,"id10412"
620,/m/vox10620,"id10845"
621,/m/vox10621,"id10862"
622,/m/vox10622,"id10915"
623,/m/vox10623,"id10024"
624,/m/vox10624,"id10659"
625,/m/vox10625,"id11107"
626,/m/vox10626,"id10251"
627,/m/vox10627,"id10159"
628,/m/vox10628,"id10030"
629,/m/vox10629,"id10561"
630,/m/vox10630,"id11049"
631,/m/vox10631,"id11013"
632,/m/vox10632,"id11181"
633,/m/vox10633,"id10448"
634,/m/vox10634,"id10366"
635,/m/vox10635,"id10473"
636,/m/vox10636,"id10437"
637,/m/vox10637,"id10175"
638,/m/vox10638,"id11048"
639,/m/vox10639,"id11089"
640,/m/vox10640,"id11247"
641,/m/vox10641,"id10746"
642,/m/vox10642,"id11007"
643,/m/vox10643,"id10860"
644,/m/vox10644,"id10397"
645,/m/vox10645,"id10774"
646,/m/vox10646,"id11160"
647,/m/vox10647,"id10153"
648,/m/vox10648,"id10056"
649,/m/vox10649,"id10966"
650,/m/vox10650,"id10886"
651,/m/vox10651,"id10086"
652,/m/vox10652,"id10043"
653,/m/vox10653,"id10133"
654,/m/vox10654,"id10045"
655,/m/vox10655,"id11039"
656,/m/vox10656,"id10378"
657,/m/vox10657,"id10119"
658,/m/vox10658,"id10438"
659,/m/vox10659,"id10976"
660,/m/vox10660,"id11212"
661,/m/vox10661,"id10974"
662,/m/vox10662,"id11035"
663,/m/vox10663,"id10605"
664,/m/vox10664,"id10969"
665,/m/vox10665,"id10709"
666,/m/vox10666,"id10419"
667,/m/vox10667,"id10971"
668,/m/vox10668,"id11009"
669,/m/vox10669,"id10571"
670,/m/vox10670,"id10954"
671,/m/vox10671,"id10459"
672,/m/vox10672,"id10514"
673,/m/vox10673,"id10249"
674,/m/vox10674,"id10600"
675,/m/vox10675,"id10924"
676,/m/vox10676,"id10766"
677,/m/vox10677,"id11041"
678,/m/vox10678,"id10756"
679,/m/vox10679,"id10580"
680,/m/vox10680,"id10793"
681,/m/vox10681,"id10783"
682,/m/vox10682,"id10614"
683,/m/vox10683,"id10332"
684,/m/vox10684,"id10005"
685,/m/vox10685,"id10109"
686,/m/vox10686,"id11243"
687,/m/vox10687,"id10035"
688,/m/vox10688,"id10096"
689,/m/vox10689,"id10512"
690,/m/vox10690,"id10925"
691,/m/vox10691,"id10498"
692,/m/vox10692,"id10443"
693,/m/vox10693,"id10032"
694,/m/vox10694,"id10218"
695,/m/vox10695,"id10963"
696,/m/vox10696,"id10085"
697,/m/vox10697,"id10863"
698,/m/vox10698,"id10328"
699,/m/vox10699,"id10554"
700,/m/vox10700,"id10911"
701,/m/vox10701,"id10508"
702,/m/vox10702,"id11108"
703,/m/vox10703,"id10464"
704,/m/vox10704,"id10373"
705,/m/vox10705,"id10611"
706,/m/vox10706,"id10596"
707,/m/vox10707,"id10054"
708,/m/vox10708,"id10066"
709,/m/vox10709,"id10345"
710,/m/vox10710,"id10779"
711,/m/vox10711,"id10680"
712,/m/vox10712,"id10269"
713,/m/vox10713,"id11133"
714,/m/vox10714,"id10151"
715,/m/vox10715,"id10312"
716,/m/vox10716,"id10820"
717,/m/vox10717,"id10838"
718,/m/vox10718,"id10405"
719,/m/vox10719,"id10525"
720,/m/vox10720,"id10266"
721,/m/vox10721,"id10711"
722,/m/vox10722,"id10677"
723,/m/vox10723,"id10775"
724,/m/vox10724,"id11188"
725,/m/vox10725,"id10635"
726,/m/vox10726,"id10248"
727,/m/vox10727,"id11130"
728,/m/vox10728,"id10001"
729,/m/vox10729,"id11073"
730,/m/vox10730,"id10705"
731,/m/vox10731,"id10148"
732,/m/vox10732,"id10228"
733,/m/vox10733,"id11036"
734,/m/vox10734,"id10161"
735,/m/vox10735,"id10413"
736,/m/vox10736,"id10989"
737,/m/vox10737,"id10679"
738,/m/vox10738,"id10678"
739,/m/vox10739,"id10908"
740,/m/vox10740,"id10076"
741,/m/vox10741,"id10177"
742,/m/vox10742,"id10567"
743,/m/vox10743,"id10336"
744,/m/vox10744,"id10784"
745,/m/vox10745,"id10257"
746,/m/vox10746,"id10458"
747,/m/vox10747,"id10867"
748,/m/vox10748,"id10707"
749,/m/vox10749,"id10330"
750,/m/vox10750,"id10917"
751,/m/vox10751,"id10474"
752,/m/vox10752,"id10013"
753,/m/vox10753,"id10943"
754,/m/vox10754,"id10455"
755,/m/vox10755,"id10381"
756,/m/vox10756,"id11153"
757,/m/vox10757,"id11110"
758,/m/vox10758,"id10670"
759,/m/vox10759,"id10102"
760,/m/vox10760,"id10080"
761,/m/vox10761,"id10985"
762,/m/vox10762,"id11024"
763,/m/vox10763,"id10371"
764,/m/vox10764,"id11128"
765,/m/vox10765,"id10008"
766,/m/vox10766,"id11025"
767,/m/vox10767,"id10382"
768,/m/vox10768,"id11211"
769,/m/vox10769,"id10733"
770,/m/vox10770,"id10909"
771,/m/vox10771,"id10923"
772,/m/vox10772,"id11232"
773,/m/vox10773,"id10324"
774,/m/vox10774,"id11173"
775,/m/vox10775,"id10823"
776,/m/vox10776,"id10502"
777,/m/vox10777,"id11202"
778,/m/vox10778,"id11047"
779,/m/vox10779,"id10610"
780,/m/vox10780,"id10736"
781,/m/vox10781,"id10559"
782,/m/vox10782,"id10526"
783,/m/vox10783,"id10563"
784,/m/vox10784,"id10570"
785,/m/vox10785,"id10844"
786,/m/vox10786,"id10861"
787,/m/vox10787,"id10017"
788,/m/vox10788,"id10390"
789,/m/vox10789,"id10583"
790,/m/vox10790,"id10029"
791,/m/vox10791,"id10495"
792,/m/vox10792,"id10873"
793,/m/vox10793,"id10172"
794,/m/vox10794,"id10385"
795,/m/vox10795,"id10935"
796,/m/vox10796,"id10139"
797,/m/vox10797,"id10962"
798,/m/vox10798,"id10883"
799,/m/vox10799,"id11061"
800,/m/vox10800,"id10207"
801,/m/vox10801,"id10751"
802,/m/vox10802,"id10044"
803,/m/vox10803,"id11170"
804,/m/vox10804,"id11006"
805,/m/vox10805,"id10745"
806,/m/vox10806,"id10220"
807,/m/vox10807,"id11138"
808,/m/vox10808,"id10743"
809,/m/vox10809,"id10191"
810,/m/vox10810,"id10055"
811,/m/vox10811,"id11120"
812,/m/vox10812,"id10222"
813,/m/vox10813,"id11149"
814,/m/vox10814,"id10211"
815,/m/vox10815,"id10342"
816,/m/vox10816,"id10650"
817,/m/vox10817,"id10089"
818,/m/vox10818,"id10576"
819,/m/vox10819,"id10243"
820,/m/vox10820,"id10363"
821,/m/vox10821,"id10062"
822,/m/vox10822,"id10633"
823,/m/vox10823,"id11052"
824,/m/vox10824,"id10315"
825,/m/vox10825,"id10714"
826,/m/vox10826,"id10450"
827,/m/vox10827,"id10179"
828,/m/vox10828,"id10113"
829,/m/vox10829,"id10936"
830,/m/vox10830,"id10260"
831,/m/vox10831,"id10002"
832,/m/vox10832,"id10629"
833,/m/vox10833,"id10259"
834,/m/vox10834,"id10410"
835,/m/vox10835,"id10782"
836,/m/vox10836,"id10515"
837,/m/vox10837,"id11221"
838,/m/vox10838,"id10967"
839,/m/vox10839,"id10532"
840,/m/vox10840,"id10253"
841,/m/vox10841,"id10658"
842,/m/vox10842,"id11078"
843,/m/vox10843,"id10869"
844,/m/vox10844,"id10375"
845,/m/vox10845,"id11008"
846,/m/vox10846,"id10748"
847,/m/vox10847,"id11155"
848,/m/vox10848,"id10016"
849,/m/vox10849,"id10164"
850,/m/vox10850,"id10664"
851,/m/vox10851,"id10483"
852,/m/vox10852,"id10850"
853,/m/vox10853,"id10486"
854,/m/vox10854,"id10927"
855,/m/vox10855,"id10142"
856,/m/vox10856,"id10067"
857,/m/vox10857,"id11174"
858,/m/vox10858,"id10706"
859,/m/vox10859,"id10608"
860,/m/vox10860,"id10640"
861,/m/vox10861,"id10322"
862,/m/vox10862,"id10128"
863,/m/vox10863,"id10407"
864,/m/vox10864,"id10795"
865,/m/vox10865,"id10667"
866,/m/vox10866,"id10445"
867,/m/vox10867,"id11015"
868,/m/vox10868,"id10846"
869,/m/vox10869,"id11167"
870,/m/vox10870,"id11129"
871,/m/vox10871,"id11040"
872,/m/vox10872,"id10072"
873,/m/vox10873,"id10245"
874,/m/vox10874,"id11140"
875,/m/vox10875,"id10834"
876,/m/vox10876,"id10122"
877,/m/vox10877,"id11045"
878,/m/vox10878,"id10646"
879,/m/vox10879,"id10169"
880,/m/vox10880,"id10510"
881,/m/vox10881,"id11145"
882,/m/vox10882,"id10425"
883,/m/vox10883,"id10657"
884,/m/vox10884,"id10453"
885,/m/vox10885,"id10116"
886,/m/vox10886,"id10620"
887,/m/vox10887,"id10255"
888,/m/vox10888,"id10215"
889,/m/vox10889,"id10484"
890,/m/vox10890,"id11250"
891,/m/vox10891,"id11003"
892,/m/vox10892,"id11214"
893,/m/vox10893,"id11090"
894,/m/vox10894,"id10536"
895,/m/vox10895,"id10938"
896,/m/vox10896,"id10509"
897,/m/vox10897,"id11136"
898,/m/vox10898,"id11104"
899,/m/vox10899,"id10063"
900,/m/vox10900,"id11127"
901,/m/vox10901,"id10786"
902,/m/vox10902,"id10722"
903,/m/vox10903,"id10718"
904,/m/vox10904,"id10214"
905,/m/vox10905,"id11071"
906,/m/vox10906,"id10864"
907,/m/vox10907,"id10440"
908,/m/vox10908,"id10569"
909,/m/vox10909,"id10980"
910,/m/vox10910,"id11069"
911,/m/vox10911,"id10630"
912,/m/vox10912,"id11192"
913,/m/vox10913,"id10006"
914,/m/vox10914,"id10100"
915,/m/vox10915,"id10444"
916,/m/vox10916,"id10388"
917,/m/vox10917,"id10034"
918,/m/vox10918,"id11246"
919,/m/vox10919,"id10604"
920,/m/vox10920,"id11093"
921,/m/vox10921,"id10031"
922,/m/vox10922,"id11210"
923,/m/vox10923,"id11251"
924,/m/vox10924,"id10158"
925,/m/vox10925,"id10261"
926,/m/vox10926,"id10097"
927,/m/vox10927,"id10496"
928,/m/vox10928,"id11196"
929,/m/vox10929,"id10997"
930,/m/vox10930,"id11244"
931,/m/vox10931,"id10835"
932,/m/vox10932,"id10548"
933,/m/vox10933,"id11242"
934,/m/vox10934,"id10904"
935,/m/vox10935,"id10505"
936,/m/vox10936,"id10470"
937,/m/vox10937,"id10167"
938,/m/vox10938,"id10157"
939,/m/vox10939,"id10674"
940,/m/vox10940,"id10068"
941,/m/vox10941,"id10816"
942,/m/vox10942,"id11217"
943,/m/vox10943,"id10848"
944,/m/vox10944,"id10263"
945,/m/vox10945,"id10703"
946,/m/vox10946,"id10865"
947,/m/vox10947,"id10321"
948,/m/vox10948,"id11084"
949,/m/vox10949,"id11168"
950,/m/vox10950,"id11215"
951,/m/vox10951,"id10942"
952,/m/vox10952,"id11237"
953,/m/vox10953,"id10466"
954,/m/vox10954,"id11172"
955,/m/vox10955,"id10441"
956,/m/vox10956,"id10182"
957,/m/vox10957,"id10893"
958,/m/vox10958,"id10817"
959,/m/vox10959,"id10594"
960,/m/vox10960,"id10131"
961,/m/vox10961,"id11162"
962,/m/vox10962,"id10562"
963,/m/vox10963,"id11056"
964,/m/vox10964,"id10684"
965,/m/vox10965,"id10046"
966,/m/vox10966,"id11137"
967,/m/vox10967,"id10372"
968,/m/vox10968,"id11012"
969,/m/vox10969,"id10933"
970,/m/vox10970,"id10730"
971,/m/vox10971,"id10033"
972,/m/vox10972,"id10088"
973,/m/vox10973,"id10232"
974,/m/vox10974,"id11028"
975,/m/vox10975,"id10025"
976,/m/vox10976,"id10740"
977,/m/vox10977,"id10391"
978,/m/vox10978,"id10669"
979,/m/vox10979,"id10186"
980,/m/vox10980,"id11185"
981,/m/vox10981,"id10953"
982,/m/vox10982,"id10154"
983,/m/vox10983,"id10625"
984,/m/vox10984,"id10513"
985,/m/vox10985,"id10364"
986,/m/vox10986,"id10491"
987,/m/vox10987,"id10406"
988,/m/vox10988,"id10622"
989,/m/vox10989,"id10549"
990,/m/vox10990,"id10077"
991,/m/vox10991,"id10414"
992,/m/vox10992,"id10365"
993,/m/vox10993,"id10447"
994,/m/vox10994,"id10724"
995,/m/vox10995,"id10112"
996,/m/vox10996,"id10415"
997,/m/vox10997,"id10638"
998,/m/vox10998,"id10104"
999,/m/vox10999,"id10584"
1000,/m/vox11000,"id11030"
1001,/m/vox11001,"id11043"
1002,/m/vox11002,"id10127"
1003,/m/vox11003,"id11139"
1004,/m/vox11004,"id10878"
1005,/m/vox11005,"id11077"
1006,/m/vox11006,"id10824"
1007,/m/vox11007,"id10553"
1008,/m/vox11008,"id10051"
1009,/m/vox11009,"id10326"
1010,/m/vox11010,"id10672"
1011,/m/vox11011,"id10660"
1012,/m/vox11012,"id10329"
1013,/m/vox11013,"id11080"
1014,/m/vox11014,"id10454"
1015,/m/vox11015,"id10082"
1016,/m/vox11016,"id10424"
1017,/m/vox11017,"id10754"
1018,/m/vox11018,"id10374"
1019,/m/vox11019,"id10591"
1020,/m/vox11020,"id10731"
1021,/m/vox11021,"id10788"
1022,/m/vox11022,"id10752"
1023,/m/vox11023,"id10155"
1024,/m/vox11024,"id10192"
1025,/m/vox11025,"id10061"
1026,/m/vox11026,"id10849"
1027,/m/vox11027,"id10352"
1028,/m/vox11028,"id11062"
1029,/m/vox11029,"id11068"
1030,/m/vox11030,"id11087"
1031,/m/vox11031,"id10879"
1032,/m/vox11032,"id10094"
1033,/m/vox11033,"id11142"
1034,/m/vox11034,"id10237"
1035,/m/vox11035,"id11058"
1036,/m/vox11036,"id10770"
1037,/m/vox11037,"id10749"
1038,/m/vox11038,"id10919"
1039,/m/vox11039,"id11086"
1040,/m/vox11040,"id10007"
1041,/m/vox11041,"id10252"
1042,/m/vox11042,"id10334"
1043,/m/vox11043,"id10715"
1044,/m/vox11044,"id10121"
1045,/m/vox11045,"id11151"
1046,/m/vox11046,"id11000"
1047,/m/vox11047,"id10940"
1048,/m/vox11048,"id10543"
1049,/m/vox11049,"id10338"
1050,/m/vox11050,"id10098"
1051,/m/vox11051,"id10221"
1052,/m/vox11052,"id10020"
1053,/m/vox11053,"id10697"
1054,/m/vox11054,"id10184"
1055,/m/vox11055,"id10420"
1056,/m/vox11056,"id10256"
1057,/m/vox11057,"id10335"
1058,/m/vox11058,"id10101"
1059,/m/vox11059,"id10236"
1060,/m/vox11060,"id10110"
1061,/m/vox11061,"id10038"
1062,/m/vox11062,"id10197"
1063,/m/vox11063,"id10988"
1064,/m/vox11064,"id10318"
1065,/m/vox11065,"id10475"
1066,/m/vox11066,"id10482"
1067,/m/vox11067,"id10123"
1068,/m/vox11068,"id10022"
1069,/m/vox11069,"id10607"
1070,/m/vox11070,"id10337"
1071,/m/vox11071,"id10895"
1072,/m/vox11072,"id10227"
1073,/m/vox11073,"id10951"
1074,/m/vox11074,"id10887"
1075,/m/vox11075,"id11032"
1076,/m/vox11076,"id11199"
1077,/m/vox11077,"id11034"
1078,/m/vox11078,"id10958"
1079,/m/vox11079,"id10229"
1080,/m/vox11080,"id10040"
1081,/m/vox11081,"id10789"
1082,/m/vox11082,"id10224"
1083,/m/vox11083,"id10481"
1084,/m/vox11084,"id10219"
1085,/m/vox11085,"id10778"
1086,/m/vox11086,"id10897"
1087,/m/vox11087,"id10327"
1088,/m/vox11088,"id10240"
1089,/m/vox11089,"id11146"
1090,/m/vox11090,"id10831"
1091,/m/vox11091,"id10854"
1092,/m/vox11092,"id10713"
1093,/m/vox11093,"id11132"
1094,/m/vox11094,"id11189"
1095,/m/vox11095,"id10797"
1096,/m/vox11096,"id10258"
1097,/m/vox11097,"id10223"
1098,/m/vox11098,"id10178"
1099,/m/vox11099,"id10354"
1100,/m/vox11100,"id10231"
1101,/m/vox11101,"id10057"
1102,/m/vox11102,"id10815"
1103,/m/vox11103,"id10226"
1104,/m/vox11104,"id11027"
1105,/m/vox11105,"id10048"
1106,/m/vox11106,"id10885"
1107,/m/vox11107,"id10507"
1108,/m/vox11108,"id10421"
1109,/m/vox11109,"id11161"
1110,/m/vox11110,"id11100"
1111,/m/vox11111,"id11081"
1112,/m/vox11112,"id10546"
1113,/m/vox11113,"id11205"
1114,/m/vox11114,"id10394"
1115,/m/vox11115,"id10539"
1116,/m/vox11116,"id10527"
1117,/m/vox11117,"id11245"
1118,/m/vox11118,"id10262"
1119,/m/vox11119,"id10702"
1120,/m/vox11120,"id11226"
1121,/m/vox11121,"id11207"
1122,/m/vox11122,"id10727"
1123,/m/vox11123,"id10244"
1124,/m/vox11124,"id10698"
1125,/m/vox11125,"id10598"
1126,/m/vox11126,"id10773"
1127,/m/vox11127,"id10721"
1128,/m/vox11128,"id10427"
1129,/m/vox11129,"id10320"
1130,/m/vox11130,"id10521"
1131,/m/vox11131,"id10379"
1132,/m/vox11132,"id10896"
1133,/m/vox11133,"id11195"
1134,/m/vox11134,"id11070"
1135,/m/vox11135,"id10771"
1136,/m/vox11136,"id10313"
1137,/m/vox11137,"id10392"
1138,/m/vox11138,"id10108"
1139,/m/vox11139,"id11198"
1140,/m/vox11140,"id10386"
1141,/m/vox11141,"id10652"
1142,/m/vox11142,"id10934"
1143,/m/vox11143,"id10409"
1144,/m/vox11144,"id10764"
1145,/m/vox11145,"id10238"
1146,/m/vox11146,"id10176"
1147,/m/vox11147,"id10914"
1148,/m/vox11148,"id10769"
1149,/m/vox11149,"id10636"
1150,/m/vox11150,"id10145"
1151,/m/vox11151,"id10047"
1152,/m/vox11152,"id10777"
1153,/m/vox11153,"id10920"
1154,/m/vox11154,"id10970"
1155,/m/vox11155,"id10196"
1156,/m/vox11156,"id11241"
1157,/m/vox11157,"id10323"
1158,/m/vox11158,"id10577"
1159,/m/vox11159,"id10972"
1160,/m/vox11160,"id11063"
1161,/m/vox11161,"id11072"
1162,/m/vox11162,"id11193"
1163,/m/vox11163,"id10807"
1164,/m/vox11164,"id10981"
1165,/m/vox11165,"id11057"
1166,/m/vox11166,"id10216"
1167,/m/vox11167,"id10623"
1168,/m/vox11168,"id10217"
1169,/m/vox11169,"id10675"
1170,/m/vox11170,"id10141"
1171,/m/vox11171,"id10538"
1172,/m/vox11172,"id10941"
1173,/m/vox11173,"id10894"
1174,/m/vox11174,"id10346"
1175,/m/vox11175,"id11119"
1176,/m/vox11176,"id10358"
1177,/m/vox11177,"id11147"
1178,/m/vox11178,"id11042"
1179,/m/vox11179,"id10836"
1180,/m/vox11180,"id11213"
1181,/m/vox11181,"id11131"
1182,/m/vox11182,"id10004"
1183,/m/vox11183,"id10755"
1184,/m/vox11184,"id10114"
1185,/m/vox11185,"id10126"
1186,/m/vox11186,"id10913"
1187,/m/vox11187,"id10695"
1188,/m/vox11188,"id10587"
1189,/m/vox11189,"id10377"
1190,/m/vox11190,"id10430"
1191,/m/vox11191,"id10691"
1192,/m/vox11192,"id10912"
1193,/m/vox11193,"id10503"
1194,/m/vox11194,"id11017"
1195,/m/vox11195,"id10493"
1196,/m/vox11196,"id10452"
1197,/m/vox11197,"id10871"
1198,/m/vox11198,"id11182"
1199,/m/vox11199,"id10870"
1200,/m/vox11200,"id10631"
1201,/m/vox11201,"id11238"
1202,/m/vox11202,"id11004"
1203,/m/vox11203,"id10666"
1204,/m/vox11204,"id10613"
1205,/m/vox11205,"id10446"
1206,/m/vox11206,"id10699"
1207,/m/vox11207,"id10468"
1208,/m/vox11208,"id10990"
1209,/m/vox11209,"id10003"
1210,/m/vox11210,"id10906"
